{
  "random_variance": 0.10527129331978415,
  "zero_variance": 0.0,
  "consistency_std": 1.2352578566615711e-17
}