{
  "path": "D:\\Project\\ECG\\Dataset\\PTB-XL\\records500\\00000\\00002_hr",
  "top_label": "SBRAD",
  "top_prob": 0.9962406158447266,
  "rr_cv": 0.3055362831740275,
  "qrs_width_sec": 0.14400000000000002,
  "st_focus": 0.233215156602821,
  "lead_influence": {
    "I": 0.0034165270626544952,
    "II": 0.0034871932584792376,
    "III": 0.0035719170700758696,
    "aVR": 0.0028183467220515013,
    "aVL": 0.003769732778891921,
    "aVF": 0.0036472694482654333,
    "V1": 0.008525681681931019,
    "V2": 0.00999470055103302,
    "V3": 0.00846586562693119,
    "V4": 0.0047361901961266994,
    "V5": 0.007381575182080269,
    "V6": 0.0039682090282440186
  },
  "verdicts": [],
  "details": {}
}