{
  "path": "D:\\Project\\ECG\\Dataset\\PTB-XL\\records500\\00000\\00001_hr",
  "top_label": "NORM",
  "top_prob": 0.9946058392524719,
  "rr_cv": 0.25209860367938014,
  "qrs_width_sec": 0.106875,
  "st_focus": 0.25163761031890497,
  "lead_influence": {
    "I": 0.004220949951559305,
    "II": 0.004839353263378143,
    "III": 0.005177302751690149,
    "aVR": 0.0037014037370681763,
    "aVL": 0.005084407981485128,
    "aVF": 0.005135055631399155,
    "V1": 0.008491463959217072,
    "V2": 0.009430560283362865,
    "V3": 0.0071558295749127865,
    "V4": 0.004348494112491608,
    "V5": 0.006690685171633959,
    "V6": 0.0037469121161848307
  },
  "verdicts": [],
  "details": {}
}